Seq ID	Seq	Anti-Microbial	Short Anti-Microbial	Short Anti-Microbial	avg	max
TRINITY_DN144690_c1_g2_i1.p2	FQSTKKFSPLPIFLHRFKGESSMKRPVQTEK	1	-1	-1	-0.333333333	1
TRINITY_DN135313_c0_g1_i2.p3	FNPRTALRKYATGVTPTASSAQVALRHTGVSA	0.99	-1	-1	-0.336666667	0.99
TRINITY_DN144435_c2_g1_i11.p3	GCRITSGGGNSKESATEMYSQVTGKGGKAV	0.97	0.397758	0.303333	0.557030333	0.97
TRINITY_DN144415_c2_g1_i4.p3	LEKGTVVNQDYRSSFIESRTDDVMKLRMT	0.97	0.000464	0.1225	0.364321333	0.97
TRINITY_DN145232_c3_g1_i1.p3	KGSFQCTKKFIPLPIVLNRFKGESSMKRPVQTEK	0.97	-1	-1	-0.343333333	0.97
TRINITY_DN144196_c3_g1_i2.p5	GIKQKELKNKNKKE	0.96	0.298379	0.433333	0.563904	0.96
TRINITY_DN144196_c3_g1_i4.p6	GIKQKELKNKNKKE	0.96	0.298379	0.433333	0.563904	0.96
TRINITY_DN144555_c1_g1_i8.p3	KSRGEHFVRPGGLTSSES	0.96	0.323215	0.358333	0.547182667	0.96
TRINITY_DN129147_c0_g1_i2.p2	KGVKQMTKVKQKKFEESKMRSKEENINLSNIEKTFQYKNFEGKNC	0.96	-1	-1	-0.346666667	0.96
TRINITY_DN145227_c3_g1_i1.p3	KVRASQSTVTANGSRG	0.95	0.194742	0.38	0.508247333	0.95
TRINITY_DN143091_c2_g2_i10.p4	VTGADGRVPSGMRKVRAAQGKDNG	0.95	0.258733	0.3	0.502911	0.95
TRINITY_DN144063_c5_g2_i1.p7	WGANPKEIQNKQKRIPDEKGNLEN	0.95	0.044284	0.298333	0.430872333	0.95
TRINITY_DN144063_c5_g2_i2.p9	WGANPKEIQNKQKRIPDEKGNLEN	0.95	0.044284	0.298333	0.430872333	0.95
TRINITY_DN145394_c1_g1_i1.p1	GRKAYVRSGAVSKGRPGPKRHKSGRNAQHSGCEQLIIIVVS	0.95	-1	-1	-0.35	0.95
TRINITY_DN145714_c3_g1_i5.p2	RLDTYFFGVISLFSLGFLIFGVNVS	0.94	0.074304	0.33	0.448101333	0.94
TRINITY_DN141259_c3_g4_i1.p3	RSRGDSGDLYLQSATAGVMPI	0.94	0.018633	0.133333	0.363988667	0.94
TRINITY_DN137096_c2_g1_i1.p3	LTRAFPERAKELFARNQEVANDRYEHLTRLVELYK	0.94	-1	-1	-0.353333333	0.94
TRINITY_DN138681_c7_g1_i1.p3	GCGGRNSGRRRLTAIKRAPYKLKNNNETVLLAA	0.94	-1	-1	-0.353333333	0.94
TRINITY_DN142596_c3_g1_i2.p5	MAYLAKK	0.78	0.937158	0.63	0.782386	0.937158
TRINITY_DN139632_c5_g5_i1.p4	ALRKWR	0.55	0.933352	0.723333	0.735561667	0.933352
TRINITY_DN139632_c5_g5_i2.p6	ALRKWR	0.55	0.933352	0.723333	0.735561667	0.933352
TRINITY_DN144095_c1_g1_i1.p7	MKLLEIH	0.57	0.92835	0.610833	0.703061	0.92835
TRINITY_DN144868_c24_g1_i1.p6	IRCKLINDNNKRFALAA	0.92	0.564371	0.538333	0.674234667	0.92
TRINITY_DN134571_c44_g1_i1.p5	KKLTDNNNYQLLAA	0.92	0.484662	0.371667	0.592109667	0.92
TRINITY_DN145245_c6_g1_i2.p2	LNKRATDLYFIVAPVKILYPRDDTSLSVK	0.92	0.108085	0.3075	0.445195	0.92
TRINITY_DN145245_c6_g1_i5.p2	LNKRATDLYFIVAPVKILYPRDDTSLSVK	0.92	0.108085	0.3075	0.445195	0.92
TRINITY_DN137054_c3_g3_i1.p8	GIEKKKIL	0.51	0.918273	0.8	0.742757667	0.918273
TRINITY_DN145473_c2_g1_i1.p3	RVQIDPPKVIPMKKAFVRNVFFE	0.91	0.366525	0.345833	0.540786	0.91
TRINITY_DN145537_c1_g1_i9.p6	IRRLGVYDRYEESPGLTEKGNC	0.91	0.216479	0.259167	0.461882	0.91
TRINITY_DN147836_c1_g1_i1.p4	KGVSKQKLPPLIEQNDKPGYVVEQSSI	0.91	0.063643	0.3275	0.433714333	0.91
TRINITY_DN137631_c5_g1_i2.p3	PIPKKTYIFVTRFLPISVMKQAKAVFIPSWSK	0.91	-1	-1	-0.363333333	0.91
TRINITY_DN141904_c4_g1_i1.p1	GVVQVSTGSLKMEKLSVVGHHVKSSKLKLNAEDNLALAA	0.91	-1	-1	-0.363333333	0.91
TRINITY_DN7230_c1_g2_i2.p9	MEKELIKK	0.61	0.905774	0.540833	0.685535667	0.905774
TRINITY_DN143511_c0_g1_i1.p7	MHLYSKGGMAV	0.46	0.902055	0.535833	0.632629333	0.902055
TRINITY_DN144422_c2_g1_i3.p8	FQVVIKL	0.9	0.495479	0.615	0.670159667	0.9
TRINITY_DN144616_c7_g3_i10.p3	GLPRSRGDSGALYLQSATAGVIPN	0.9	0.269306	0.245833	0.471713	0.9
TRINITY_DN145174_c0_g1_i1.p3	KVSETEMNRQALPGKGGMAV	0.9	0.134163	0.199167	0.41111	0.9
TRINITY_DN144616_c7_g3_i15.p3	GLPRSRGDSGALYLQSATAGVMPI	0.9	0.044068	0.21	0.384689333	0.9
TRINITY_DN142344_c4_g1_i3.p2	LVEAMGVDPMSEKSSVQVSPGAGDLQQSRRATPIVRLAHW	0.9	-1	-1	-0.366666667	0.9
TRINITY_DN143091_c2_g2_i1.p3	DHFVDVGDIYEIQKSELTWQLRADIGMRKVRAAQSRITANGRRG	0.9	-1	-1	-0.366666667	0.9
TRINITY_DN144003_c14_g1_i1.p2	GRIQSTTGHEEPGGKPGGPPPKPKYYLMTDSEKYSDGKLKRTPEGE	0.9	-1	-1	-0.366666667	0.9
TRINITY_DN131100_c0_g1_i5.p3	LTSFWHLADKSNGHIIDLNTDLLC	0.89	0.577777	0.466667	0.644814667	0.89
TRINITY_DN135950_c1_g1_i1.p9	SKGKQNIKSKKI	0.89	0.351954	0.588333	0.610095667	0.89
TRINITY_DN144675_c1_g1_i1.p4	KAEVTAVAVTSVIG	0.89	0.254458	0.53	0.558152667	0.89
TRINITY_DN138272_c6_g1_i11.p4	YFKATPHNSRLTA	0.89	0.301007	0.36	0.517002333	0.89
TRINITY_DN139826_c5_g2_i2.p5	FFGDCWFVL	0.63	0.881216	0.554167	0.688461	0.881216
TRINITY_DN136023_c1_g1_i5.p3	AVGKLHLDLINNKNSFQ	0.88	0.519788	0.481667	0.627151667	0.88
TRINITY_DN143954_c2_g6_i1.p7	IKQKDVQNK	0.88	0.300879	0.451667	0.544182	0.88
TRINITY_DN144763_c6_g1_i2.p8	VRVEARAGALVDFTEERMPV	0.88	0.004274	0.148333	0.344202333	0.88
TRINITY_DN144763_c6_g1_i8.p8	VRVEARAGALVDFTEERMPV	0.88	0.004274	0.148333	0.344202333	0.88
TRINITY_DN142969_c1_g1_i4.p2	SFRAKEIYPKYKRNSLQQIFTPDKKDSFSNEAVFFYD	0.88	-1	-1	-0.373333333	0.88
TRINITY_DN143020_c3_g1_i1.p2	GDAMVSTGVLKVGIAIRGPVNRVIKLEPFLKRNDKNNFALAA	0.88	-1	-1	-0.373333333	0.88
TRINITY_DN145366_c17_g1_i3.p1	DNEKSQALLANETRYSRLTRAFPERAKQLFARNEQVANDRYEHLTRLVELYK	0.88	-1	-1	-0.373333333	0.88
TRINITY_DN145801_c2_g2_i2.p3	ITSGGGDSKASATEIYRRLMAGKGGKAV	0.87	0.147582	0.3575	0.458360667	0.87
TRINITY_DN145625_c0_g1_i2.p5	KVKEIAHQRYGDISAM	0.87	0.129935	0.293333	0.431089333	0.87
TRINITY_DN145376_c1_g1_i5.p5	FDLKQKGARPMVDMEPAQFGQTVGIR	0.87	0.088761	0.255	0.404587	0.87
TRINITY_DN135893_c0_g2_i1.p3	LEAEYERVIGSAYFEALRKDGFIIPDVTIPNFFKNINS	0.87	-1	-1	-0.376666667	0.87
TRINITY_DN139539_c6_g2_i2.p10	LYVIKL	0.69	0.865902	0.73	0.761967333	0.865902
TRINITY_DN144797_c1_g1_i1.p7	MHEMI	0.53	0.860174	0.479167	0.623113667	0.860174
TRINITY_DN144995_c3_g1_i1.p2	RGCKRRKTAGEESPSFSGQSAG	0.86	0.398682	0.429167	0.562616333	0.86
TRINITY_DN1312543_c0_g2_i1.p7	GFDGDFERGAAIRGPGPR	0.86	0.01051	0.310833	0.393781	0.86
TRINITY_DN144643_c3_g1_i1.p3	QTCALPIYKTKGITKNKKVKE	0.26	0.85641	0.454167	0.523525667	0.85641
TRINITY_DN136156_c0_g3_i1.p5	LSFGWTLHKTTENEKEK	0.85	0.394954	0.525833	0.590262333	0.85
TRINITY_DN143379_c0_g1_i1.p4	KWSRRFRRKGNGEESPGFTGQDAG	0.85	0.065314	0.373333	0.429549	0.85
TRINITY_DN613632_c0_g1_i1.p4	KWSRRFRRKGNGEESPGFTGQDAG	0.85	0.065314	0.373333	0.429549	0.85
TRINITY_DN144584_c14_g1_i1.p3	DRAGQPRMDAERRQMRKVRAPQGKDNR	0.85	0.111095	0.279167	0.413420667	0.85
TRINITY_DN111527_c0_g1_i1.p1	AVDSFQRREVTYLEYIIAFLISVLASVVGYYICKWLDRNDRQH	0.85	-1	-1	-0.383333333	0.85
TRINITY_DN137350_c1_g1_i5.p2	VFHADTSVRGVWESGKYIYIEKTFTWRFVLGTLKLRKFLTLPQTKQQ	0.85	-1	-1	-0.383333333	0.85
TRINITY_DN612198_c2_g1_i1.p1	IYKRENHRIAKEKKIYITKDKNSEILQNTKDKIHELNTPDK	0.85	-1	-1	-0.383333333	0.85
TRINITY_DN144975_c2_g1_i1.p14	MMLITPKK	0.64	0.849839	0.598333	0.696057333	0.849839
TRINITY_DN147329_c0_g1_i1.p6	AYATGL	0.46	0.842873	0.513333	0.605402	0.842873
TRINITY_DN142193_c5_g2_i1.p11	MAAKL	0.47	0.842524	0.6675	0.660008	0.842524
TRINITY_DN144971_c2_g1_i1.p2	LTYSSDLTYRYAKSAAANQVNLAA	0.84	0.205793	0.201667	0.41582	0.84
TRINITY_DN142511_c2_g2_i11.p5	ISDLNHKNNGEANNRTC	0.84	0.014319	0.288333	0.380884	0.84
TRINITY_DN143647_c9_g1_i2.p2	FLVAMRLGETPVPIPNTMVKT	0.84	0.028201	0.256667	0.374956	0.84
TRINITY_DN142785_c1_g1_i1.p7	FRSYTLVDQTGIEPVSEE	0.84	0.016985	0.0925	0.316495	0.84
TRINITY_DN142862_c0_g1_i1.p1	RNQRSTAEAQMRATPADFKQKGARPMVDMEPAQIGQAVGNR	0.84	-1	-1	-0.386666667	0.84
TRINITY_DN144056_c2_g3_i1.p1	ASEMGVPFTDYNGDLTSRQCGSVGGEMVKRMVEQYESGLK	0.84	-1	-1	-0.386666667	0.84
TRINITY_DN144974_c2_g2_i18.p1	FFGLYRTIHGSFSFETMKNDQQGNEFLSTLE	0.84	-1	-1	-0.386666667	0.84
TRINITY_DN145090_c0_g1_i3.p1	FIGGGDGSRTHVRKEFSAGISGCRRSTTFHPRHAGRQANASVAS	0.84	-1	-1	-0.386666667	0.84
TRINITY_DN137258_c5_g1_i6.p11	MFDFLFI	0.45	0.838893	0.47	0.586297667	0.838893
TRINITY_DN145272_c4_g1_i1.p12	MIKIM	0.72	0.834994	0.620833	0.725275667	0.834994
TRINITY_DN142562_c4_g9_i3.p6	MFMPKLCRMNT	0.49	0.831894	0.380833	0.567575667	0.831894
TRINITY_DN144465_c6_g1_i3.p4	KKFIPLLIVLHRFKGEASMKRPVQTEK	0.83	0.463401	0.410833	0.568078	0.83
TRINITY_DN143469_c1_g1_i1.p6	RACRCRKTAGEESPGFIGQDAG	0.83	0.42354	0.305	0.519513333	0.83
TRINITY_DN144211_c1_g1_i8.p6	TMFAKEAKTTVFSAVEIT	0.83	0.036512	0.426667	0.431059667	0.83
TRINITY_DN142424_c1_g1_i2.p4	GFMPVLLPFISGDEVWVLRNGCL	0.83	0.025494	0.3	0.385164667	0.83
TRINITY_DN143620_c2_g1_i2.p4	CRKAAGEESPGFIGQDAG	0.83	0.064779	0.1925	0.362426333	0.83
TRINITY_DN144608_c1_g1_i5.p3	SVTPTNRQNITYQGELAPKKED	0.83	0.021434	0.146667	0.332700333	0.83
TRINITY_DN144633_c0_g1_i1.p3	RNQRSTAEAQERATPADLKQKGARPMVDMEPAQFGQAVVIR	0.83	-1	-1	-0.39	0.83
TRINITY_DN145292_c1_g1_i1.p9	MELFK	0.51	0.827256	0.52	0.619085333	0.827256
TRINITY_DN145099_c5_g3_i1.p9	MLLLNSF	0.42	0.823861	0.613333	0.619064667	0.823861
TRINITY_DN136094_c0_g1_i2.p5	TLGFLSWGVRQSSVFSPTFS	0.82	0.690144	0.466667	0.658937	0.82
TRINITY_DN145297_c11_g1_i1.p3	AWKHFARNTILGASVERGSELQ	0.82	0.171558	0.290833	0.427463667	0.82
TRINITY_DN145220_c3_g1_i7.p3	SILHYPFTIKEVSVIYLSRMSPYKL	0.82	0.021449	0.4075	0.416316333	0.82
TRINITY_DN145295_c7_g1_i3.p6	SYFYSKQNDKPGYVVGQSSI	0.82	0.055041	0.33	0.401680333	0.82
TRINITY_DN145295_c7_g1_i8.p7	SYFYSKQNDKPGYVVGQSSI	0.82	0.055041	0.33	0.401680333	0.82
TRINITY_DN143899_c4_g1_i6.p5	RLIRKQTDKPGYVVE	0.82	0.086929	0.218333	0.375087333	0.82
TRINITY_DN73469_c1_g1_i1.p5	SARLVTDGAHVNPIRSKTD	0.82	0.014115	0.24	0.358038333	0.82
TRINITY_DN144690_c1_g2_i6.p2	LQQLRKGSFQCTKIFIPLLIVLHRFKGESSMKRPVQTEK	0.82	-1	-1	-0.393333333	0.82
TRINITY_DN144929_c3_g1_i5.p1	KTSRTRRLQALVRLDTDFFGVISLFSLGFLIFGVSVS	0.82	-1	-1	-0.393333333	0.82
TRINITY_DN145826_c0_g1_i8.p1	KTSRTRRLQALVRLDTDFFGVISLCSLGFLIFGVNVS	0.82	-1	-1	-0.393333333	0.82
TRINITY_DN145062_c3_g1_i3.p10	EKQKK	0.52	0.81983	0.5425	0.627443333	0.81983
TRINITY_DN143241_c0_g1_i4.p6	MFPPYKNTTKM	0.55	0.814537	0.425	0.596512333	0.814537
TRINITY_DN142371_c5_g1_i1.p8	MEKLFVVGHHVKSST	0.14	0.812051	0.623333	0.525128	0.812051
TRINITY_DN144555_c1_g2_i3.p9	MTPKK	0.51	0.811619	0.591667	0.637762	0.811619
TRINITY_DN144937_c0_g1_i11.p13	MTPKK	0.51	0.811619	0.591667	0.637762	0.811619
TRINITY_DN145016_c4_g1_i1.p12	MTPKK	0.51	0.811619	0.591667	0.637762	0.811619
TRINITY_DN145016_c4_g1_i5.p11	MTPKK	0.51	0.811619	0.591667	0.637762	0.811619
TRINITY_DN145209_c1_g1_i7.p9	MTPKK	0.51	0.811619	0.591667	0.637762	0.811619
TRINITY_DN145325_c7_g1_i1.p5	MTPKK	0.51	0.811619	0.591667	0.637762	0.811619
TRINITY_DN145348_c3_g1_i1.p9	MTPKK	0.51	0.811619	0.591667	0.637762	0.811619
TRINITY_DN145551_c2_g2_i1.p12	MTPKK	0.51	0.811619	0.591667	0.637762	0.811619
TRINITY_DN145036_c19_g2_i4.p10	YALAA	0.3	0.810001	0.603333	0.571111333	0.810001
TRINITY_DN143140_c4_g1_i2.p4	ASKTGDRGCNCRKAAGEESPGFAGQGAG	0.81	0.121264	0.384167	0.438477	0.81
TRINITY_DN145803_c5_g1_i4.p6	LRGGFDLSEERPVLTQHGNC	0.81	0.256472	0.165833	0.410768333	0.81
TRINITY_DN143841_c3_g1_i3.p2	IKQLVGLSLAPRAYEESPGNTERPTS	0.81	0.104188	0.21	0.374729333	0.81
TRINITY_DN135927_c1_g1_i1.p4	KNKEATKTKLQKTEDGPMGY	0.81	0.060394	0.253333	0.374575667	0.81
TRINITY_DN144098_c0_g1_i1.p6	SRRFSRKGNGEESPGFTGQDAG	0.81	0.018363	0.254167	0.360843333	0.81
TRINITY_DN144673_c2_g1_i6.p4	YGMWYKEAATASDLVSR	0.81	0.081185	0.188333	0.359839333	0.81
TRINITY_DN131149_c0_g2_i1.p2	KKARNAGTAPTVGLASLGLVTALTPVPAHGTKPQA	0.81	-1	-1	-0.396666667	0.81
TRINITY_DN139515_c1_g1_i3.p2	FPRSGRVNPFRTCTKWQVGRFHAVYLLPTSNAPQRGPGGLQAKL	0.81	-1	-1	-0.396666667	0.81
TRINITY_DN144589_c0_g1_i1.p2	AKALDRSEKTEVYVYVEKAFVVHCYFSGDSLEFCLHRNGR	0.81	-1	-1	-0.396666667	0.81
TRINITY_DN125192_c2_g1_i1.p8	MAINGRLFK	0.63	0.806971	0.501667	0.646212667	0.806971
TRINITY_DN145289_c1_g1_i4.p5	RWENEWNIRRRCGFDRSEESPGLTELGIC	0.78	0.806961	0.479167	0.688709333	0.806961
TRINITY_DN144616_c7_g3_i6.p5	GDANPRLVSCGAALYKWR	0.51	0.800812	0.408333	0.573048333	0.800812
TRINITY_DN143096_c2_g1_i1.p6	KKKKGVYLSYGKR	0.8	0.640901	0.6625	0.701133667	0.8
TRINITY_DN145074_c4_g2_i15.p6	LVHQLSRQWHSWAAKYGADKR	0.8	0.755972	0.475	0.676990667	0.8
TRINITY_DN145373_c0_g1_i2.p5	TYKHLKKKDDKPGYGVG	0.8	0.608472	0.445	0.617824	0.8
TRINITY_DN145733_c3_g1_i1.p5	LTRARLPARLDLLRFV	0.8	0.466882	0.406667	0.557849667	0.8
TRINITY_DN136122_c0_g1_i5.p2	KTHIAEMFALNCTELPGAAIDACGAGISLRGISVAAGMTEVKPIMHSALTVEKSTYNGSSR	0.8	-1	-1	-0.4	0.8
TRINITY_DN142033_c4_g1_i1.p4	ERGESNGIRRGILPVRGTRRGAVTETIKVIAEKMSEFQFHNLNRLKSAIGF	0.8	-1	-1	-0.4	0.8
TRINITY_DN609935_c12_g1_i1.p5	RLRYDTPVRGDQAIACQQWYEESPSTTGQDAG	0.8	-1	-1	-0.4	0.8
TRINITY_DN70273_c9_g3_i1.p5	ILKHLKKKDDKPGYVVG	0.75	0.799408	0.5975	0.715636	0.799408
TRINITY_DN139720_c6_g2_i1.p4	KAPKKVLLNI	0.79	0.792152	0.748333	0.776828333	0.792152
TRINITY_DN144031_c4_g1_i1.p6	SDLILKKAVGL	0.13	0.64621	0.790833	0.522347667	0.790833
TRINITY_DN140995_c4_g5_i2.p5	PLPISDFKKTVALATVLYLL	0.79	0.494151	0.540833	0.608328	0.79
TRINITY_DN143974_c9_g2_i1.p5	KLQIRNPETKRISKI	0.79	0.578474	0.371667	0.580047	0.79
TRINITY_DN145726_c3_g1_i1.p7	KAFVRRIVFE	0.79	0.23113	0.583333	0.534821	0.79
TRINITY_DN145493_c5_g1_i1.p2	LVFYCDSPYILFFRILVLLKVMKINCTLD	0.79	0.005067	0.395833	0.396966667	0.79
TRINITY_DN140265_c2_g1_i1.p3	PVPIPNTEVKLTCAEDSSLETARENR	0.79	0.030728	0.19	0.336909333	0.79
TRINITY_DN140265_c7_g4_i2.p3	SNVFYLVSHMVGDDDGEVPPVPIPNTAVKLTRAQDS	0.79	-1	-1	-0.403333333	0.79
TRINITY_DN140481_c3_g1_i5.p2	AGACTGFDRDLEDGEAIRRQMRQIANLKLNANDNFELAAA	0.79	-1	-1	-0.403333333	0.79
TRINITY_DN141805_c2_g2_i2.p1	VIDEDAKKFVATKGYDVQFGARPLKRAIQNNLEDGISELILGSEMAAGDTIKVSYDKEKDIIVMTVEK	0.79	-1	-1	-0.403333333	0.79
TRINITY_DN142309_c15_g5_i1.p3	EAREQTQFSPQAETEYADFASTIGGRKGFDGDGEAGQAGGGA	0.79	-1	-1	-0.403333333	0.79
TRINITY_DN142309_c15_g5_i3.p3	EAREQTQFSPQAETEYADFASTIGGRKGFDGDGEAGQAGGGA	0.79	-1	-1	-0.403333333	0.79
TRINITY_DN142309_c15_g5_i4.p2	EAREQTQFSPQAETEYADFASTIGGRKGFDGDGEAGQAGGGA	0.79	-1	-1	-0.403333333	0.79
TRINITY_DN144529_c5_g4_i1.p3	RRNQRSTAEAQERANPADLKQKGARPMVDMEPAQQGQAVGIR	0.79	-1	-1	-0.403333333	0.79
TRINITY_DN144529_c5_g4_i2.p3	RRNQRSTAEAQERANPADLKQKGARPMVDMEPAQFGQTVGIR	0.79	-1	-1	-0.403333333	0.79
TRINITY_DN136312_c3_g1_i17.p6	MGGHFFLPLEIVHVI	0.28	0.785203	0.61	0.558401	0.785203
TRINITY_DN145015_c0_g1_i2.p9	MTKKE	0.46	0.780123	0.541667	0.59393	0.780123
TRINITY_DN384726_c3_g1_i1.p3	TQHLNGLKLCGPAGTHEATNALA	0.78	0.587547	0.44	0.602515667	0.78
TRINITY_DN141075_c3_g1_i1.p9	SKEKKNNFIKKGA	0.78	0.347151	0.609167	0.578772667	0.78
TRINITY_DN141075_c3_g1_i2.p4	SKEKKNNFIKKGA	0.78	0.347151	0.609167	0.578772667	0.78
TRINITY_DN133479_c0_g1_i1.p5	IIILPFTKAYAFASF	0.78	0.220283	0.625833	0.542038667	0.78
TRINITY_DN142128_c2_g1_i1.p4	FRAAGELAVL	0.78	0.299556	0.428333	0.502629667	0.78
TRINITY_DN144811_c2_g1_i1.p6	QKGARPMVDMEPAQQGQAVGVR	0.78	0.268203	0.196667	0.414956667	0.78
TRINITY_DN144811_c2_g1_i2.p6	QKGARPMVDMEPAQQGQAVGVR	0.78	0.268203	0.196667	0.414956667	0.78
TRINITY_DN142178_c2_g1_i3.p4	QKGARPMVDMEPAQYAQTVGVP	0.78	0.28114	0.148333	0.403157667	0.78
TRINITY_DN145458_c3_g1_i15.p5	QKGARPMVDMEPAQFGQTVGIR	0.78	0.178254	0.164167	0.374140333	0.78
TRINITY_DN145502_c1_g1_i5.p5	QKGARPMVDMEPAQFGQTVGIR	0.78	0.178254	0.164167	0.374140333	0.78
TRINITY_DN143846_c3_g1_i2.p2	RLKKEPDDKPGYVMNDHLSNSAVASSL	0.78	0.081825	0.250833	0.370886	0.78
TRINITY_DN143163_c3_g1_i8.p2	VAVPEGAAGTPPFWRGSKVKVFVFVLLLLFIQDMIPY	0.78	-1	-1	-0.406666667	0.78
TRINITY_DN70273_c9_g4_i1.p4	LKHLKKKDDKPGYVVG	0.64	0.777431	0.59	0.669143667	0.777431
TRINITY_DN143018_c39_g5_i2.p17	MKEGW	0.44	0.775277	0.5425	0.585925667	0.775277
TRINITY_DN131368_c0_g2_i2.p3	MYKILKHGKNYI	0.51	0.773688	0.6125	0.632062667	0.773688
TRINITY_DN1092506_c0_g1_i1.p5	KHLKKKDDKPGYVVG	0.55	0.772487	0.573333	0.63194	0.772487
TRINITY_DN144643_c8_g1_i4.p14	MMKDE	0.53	0.771835	0.375833	0.559222667	0.771835
TRINITY_DN142526_c5_g1_i7.p5	ILNKGGVFYVKY	0.77	0.480462	0.671667	0.640709667	0.77
TRINITY_DN144114_c2_g1_i1.p3	DKIAGRSIAVPSGKEESPGNTGHRAS	0.77	0.164035	0.346667	0.426900667	0.77
TRINITY_DN145098_c6_g1_i1.p7	RVGDFLYNLS	0.77	0.15253	0.31	0.410843333	0.77
TRINITY_DN142548_c3_g1_i1.p4	FFAPCGEWSQTVGFLIQACGSLQHLLPKWTPNSDP	0.77	-1	-1	-0.41	0.77
TRINITY_DN142945_c3_g4_i1.p3	IPCVPWQPKAVGRLAAAGFGRERKVRATQGIPLLNGK	0.77	-1	-1	-0.41	0.77
TRINITY_DN143867_c72_g1_i1.p2	LTGILPYICRTGDRGCRCRKTAGEESPGFIGQDAG	0.77	-1	-1	-0.41	0.77
TRINITY_DN143867_c72_g1_i2.p2	LTGILPYICRTGDRGCRCRKTAGEESPGFIGQDAG	0.77	-1	-1	-0.41	0.77
TRINITY_DN143867_c72_g1_i3.p3	LTGILPYICRTGDRGCRCRKTAGEESPGFIGQDAG	0.77	-1	-1	-0.41	0.77
TRINITY_DN144694_c1_g1_i3.p6	GRTKAINRCLIL	0.62	0.760919	0.623333	0.668084	0.760919
TRINITY_DN144236_c2_g1_i4.p5	GKSGPKAQPLKSSRPVCR	0.76	0.706874	0.5475	0.671458	0.76
TRINITY_DN143099_c2_g1_i1.p4	IPCVPWQSQGIGGQIK	0.76	0.603592	0.5575	0.640364	0.76
TRINITY_DN145470_c2_g1_i4.p1	YHKKQSVCKPGSVLLILKKPN	0.76	0.508482	0.5775	0.615327333	0.76
TRINITY_DN142309_c15_g6_i1.p4	AVTGSTGALKPG	0.76	0.402442	0.61	0.590814	0.76
TRINITY_DN161081_c4_g1_i1.p4	FPRCYPLLHEFLPVRKA	0.76	0.48811	0.490833	0.579647667	0.76
TRINITY_DN136209_c1_g1_i4.p18	VKVEQMNIKI	0.76	0.38661	0.450833	0.532481	0.76
TRINITY_DN145983_c5_g3_i1.p9	IQKRYNKIKTKASQKDI	0.76	0.382636	0.350833	0.497823	0.76
TRINITY_DN143218_c3_g1_i1.p4	RQSRLILSGEESPGFTGQDAG	0.76	0.135864	0.214167	0.370010333	0.76
TRINITY_DN145815_c4_g1_i1.p7	ISDLKSRTDDVMKL	0.76	0.06474	0.274167	0.366302333	0.76
TRINITY_DN131057_c0_g1_i1.p1	EKCGGNFRYTEKGIKDCTNCMLPHKRKNYGYVTGKYQELADMMKRAKESISK	0.76	-1	-1	-0.413333333	0.76
TRINITY_DN141159_c10_g1_i1.p1	GFDDLKKVADDIQARKAELGVDGAFTSAGMDGSSDWRFKTHLANLPIYYEYKADGIGSTDAIKGTYLDNYKKIWDLYIT	0.76	-1	-1	-0.413333333	0.76
TRINITY_DN141348_c4_g1_i1.p3	RLVKIGSCRLVGVDDGKVPPVPIPNTEVKLTCAEDS	0.76	-1	-1	-0.413333333	0.76
TRINITY_DN143683_c0_g1_i8.p5	RNQRSTAEAQERANPADLKQKGARPKVDMEPAQQ	0.76	-1	-1	-0.413333333	0.76
TRINITY_DN145261_c61_g2_i1.p2	LRSKIEAETREVQQKLKRELLPLTLRRKERRPMVDMEPAQQGQAVGVR	0.76	-1	-1	-0.413333333	0.76
TRINITY_DN144424_c2_g1_i2.p9	FICGGSI	0.48	0.750377	0.71	0.646792333	0.750377
TRINITY_DN145264_c2_g1_i1.p4	TYFFGVISLFSLGFLIFGVNVS	0.75	0.602796	0.581667	0.644821	0.75
TRINITY_DN145741_c0_g1_i2.p5	KQKGARPMVDMEPAQQGQAVGVR	0.75	0.363809	0.276667	0.463492	0.75
TRINITY_DN145741_c0_g1_i1.p6	KQKGARPMVDMEPAQFGQTVGIR	0.75	0.287906	0.248333	0.428746333	0.75
TRINITY_DN144747_c1_g1_i4.p3	NQRSTAEAQKRVTPADYKKKGAKTDG	0.75	0.199233	0.301667	0.416966667	0.75
TRINITY_DN391824_c1_g1_i1.p3	FPILHIKSRTDDVMKTPS	0.75	0.082947	0.314167	0.382371333	0.75
TRINITY_DN140265_c7_g4_i1.p3	VGDDDGEVPPVPIPNTAVKLTRAQDS	0.75	0.012035	0.195	0.319011667	0.75
TRINITY_DN145558_c2_g1_i3.p4	ARFVQEESPGTIEHPTS	0.75	0.012356	0.1725	0.311618667	0.75
TRINITY_DN134701_c0_g2_i1.p2	RKIFTIMKGLGDSNAERNAHKDENIAAISLTYNYKEFIMKKIISSLRICHGWNG	0.75	-1	-1	-0.416666667	0.75
TRINITY_DN143383_c0_g7_i3.p2	VGEYLVVVEDDETLLEVSKLFEKRLSDQFEIE	0.75	-1	-1	-0.416666667	0.75
TRINITY_DN135567_c0_g3_i1.p8	KSGFGI	0.4	0.504231	0.748333	0.550854667	0.748333
TRINITY_DN144095_c1_g1_i3.p13	MKAAGV	0.46	0.748293	0.669167	0.62582	0.748293
TRINITY_DN144754_c1_g1_i1.p8	MGDFGLELFK	0.44	0.741773	0.4525	0.544757667	0.741773
TRINITY_DN142388_c1_g1_i2.p11	ETREVQQKLK	0.74	0.564838	0.344167	0.549668333	0.74
TRINITY_DN145854_c3_g1_i2.p7	ETREVQQKLK	0.74	0.564838	0.344167	0.549668333	0.74
TRINITY_DN142980_c0_g1_i7.p6	MIERNI	0.74	0.35125	0.380833	0.490694333	0.74
TRINITY_DN143831_c3_g2_i1.p8	LSCVLQDAIFIYCTQ	0.74	0.291286	0.374167	0.468484333	0.74
TRINITY_DN141531_c3_g1_i2.p8	ETREVQQKFK	0.74	0.274763	0.3325	0.449087667	0.74
TRINITY_DN141378_c0_g1_i1.p7	RPTKEKNETQ	0.74	0.100315	0.265	0.368438333	0.74
TRINITY_DN144616_c7_g3_i9.p5	DRADSFESYIYARYLYS	0.74	0.059646	0.254167	0.351271	0.74
TRINITY_DN144672_c0_g1_i1.p5	FLNRWGAAYESQT	0.74	0.033694	0.216667	0.330120333	0.74
TRINITY_DN141702_c1_g2_i1.p5	TYRGRTPAFEAWDMPGT	0.74	0.010461	0.179167	0.309876	0.74
TRINITY_DN137258_c5_g1_i3.p2	KKGKGDSSGNINKHHHQYESDRNRISCKKDLIQITYDTP	0.74	-1	-1	-0.42	0.74
TRINITY_DN145839_c0_g1_i20.p2	RKLRSSMAGHNLRDSFKPVDYKEGERSNLVLSEFHHIVDAAFY	0.74	-1	-1	-0.42	0.74
TRINITY_DN142337_c4_g1_i1.p13	MEMKG	0.46	0.73994	0.514167	0.571369	0.73994
TRINITY_DN145289_c1_g1_i1.p7	MGGYAAL	0.45	0.73981	0.55	0.579936667	0.73981
TRINITY_DN141241_c4_g5_i1.p8	MKAANI	0.46	0.730457	0.603333	0.59793	0.730457
TRINITY_DN145735_c4_g1_i1.p7	TVQLGS	0.73	0.263706	0.491667	0.495124333	0.73
TRINITY_DN142187_c5_g6_i1.p2	RETEQPNKEGWERSTKESIEREVQST	0.73	0.027051	0.3425	0.366517	0.73
TRINITY_DN144610_c1_g1_i1.p4	RDREATEGLESKMA	0.73	0.076161	0.200833	0.335664667	0.73
TRINITY_DN141994_c15_g1_i7.p3	NSGRMGLSSEKRATYKLKNNDNEVLAAA	0.73	0.059769	0.2125	0.334089667	0.73
TRINITY_DN145774_c5_g2_i5.p9	ISHDFESYTDAPV	0.73	0.043104	0.178333	0.317145667	0.73
TRINITY_DN142728_c2_g1_i1.p4	ILTYTTEQHYKPGYVSDDYLSSPAVTSRLKQPT	0.73	-1	-1	-0.423333333	0.73
TRINITY_DN143516_c6_g1_i3.p9	MIKI	0.73	-1	-1	-0.423333333	0.73
TRINITY_DN142033_c3_g2_i1.p10	MCGRISVVVCLPPKKRIVLPL	0.57	0.47461	0.728333	0.590981	0.728333
TRINITY_DN145572_c4_g1_i1.p7	CKQADKPGYVVE	0.72	0.336737	0.299167	0.451968	0.72
TRINITY_DN144498_c1_g2_i5.p4	PLGKSGLHRGMATANGSRG	0.72	0.110029	0.383333	0.404454	0.72
TRINITY_DN144558_c2_g1_i1.p5	VDMEPAQQGQAVGVR	0.72	0.282034	0.151667	0.384567	0.72
TRINITY_DN144558_c2_g1_i2.p7	VDMEPAQQGQAVGVR	0.72	0.282034	0.151667	0.384567	0.72
TRINITY_DN144811_c2_g1_i3.p6	VDMEPAQQGQAVGVR	0.72	0.282034	0.151667	0.384567	0.72
TRINITY_DN144720_c1_g2_i2.p5	VDMEPAQFGQAVGIR	0.72	0.226826	0.1325	0.359775333	0.72
TRINITY_DN145477_c0_g1_i4.p4	VDMEPAQFGQAVGIR	0.72	0.226826	0.1325	0.359775333	0.72
TRINITY_DN145247_c4_g1_i5.p5	VDMEPAQFGQTVGIR	0.72	0.195119	0.108333	0.341150667	0.72
TRINITY_DN141142_c7_g8_i1.p1	GDVTDSTGTVELELRFVGYVYVKTLQLNITAKNENNSYALAA	0.72	-1	-1	-0.426666667	0.72
TRINITY_DN144978_c2_g1_i6.p9	MGGKAV	0.42	0.718567	0.6725	0.603689	0.718567
TRINITY_DN136198_c0_g3_i1.p3	LNKSSGFSAALFSFVIPNVPFLLIDA	0.71	0.546428	0.581667	0.612698333	0.71
TRINITY_DN144345_c0_g1_i3.p6	EKFLLYLGALHWDVIEL	0.71	0.654566	0.460833	0.608466333	0.71
TRINITY_DN145291_c1_g1_i10.p4	FLERPMNKGR	0.71	0.371548	0.320833	0.467460333	0.71
TRINITY_DN143985_c1_g7_i1.p5	QREKEISQRYLTKKAKVTDA	0.71	0.246509	0.220833	0.392447333	0.71
TRINITY_DN132978_c2_g1_i3.p7	GRYGFDRHYEAYSATRVAT	0.71	0.123342	0.259167	0.364169667	0.71
TRINITY_DN143018_c39_g5_i1.p16	MKDLTPPNK	0.52	0.709918	0.406667	0.545528333	0.709918
TRINITY_DN134228_c1_g1_i3.p11	MAAGS	0.42	0.707424	0.6125	0.579974667	0.707424
TRINITY_DN1091132_c10_g1_i1.p3	MNKLRMTGFECFAIFVIRRAKHAPKGAARH	0.19	0.706073	0.573333	0.489802	0.706073
TRINITY_DN145473_c2_g1_i6.p7	MKKAFVRNVFFE	0.41	0.705125	0.525	0.546708333	0.705125
TRINITY_DN85643_c0_g1_i1.p5	FFFFYPNNKRKRKKKTEREDGPPRT	0.7	0.044323	0.355833	0.366718667	0.7
TRINITY_DN144720_c1_g1_i6.p3	IDPPEMIPMKVSFVRRTFFE	0.7	0.137975	0.221667	0.353214	0.7
TRINITY_DN142927_c7_g5_i2.p1	VKKEEKPEMCENPDILNLHYLKRDSDKTE	0.7	0.056648	0.228333	0.328327	0.7
TRINITY_DN142927_c7_g5_i3.p1	VKKEEKPEMCENPDILNLHYLKRDSDKTE	0.7	0.056648	0.228333	0.328327	0.7
TRINITY_DN144291_c5_g7_i1.p3	CSSDLNHESRTDDVMKLRMT	0.7	0.00666	0.215833	0.307497667	0.7
TRINITY_DN137100_c3_g8_i2.p1	GDPSSVEFCHKIGLNYVSCSPFRVPIARLAAAQAAIAEKNA	0.7	-1	-1	-0.433333333	0.7
TRINITY_DN145355_c1_g1_i3.p5	MKLLKAFGCLFLDAGGNV	0.04	0.698172	0.6775	0.471890667	0.698172
TRINITY_DN145768_c0_g1_i4.p4	MKLLKAFGCLFLDAGGNV	0.04	0.698172	0.6775	0.471890667	0.698172
TRINITY_DN144266_c6_g1_i2.p8	MACPAASEGVA	0.58	0.693065	0.4625	0.578521667	0.693065
TRINITY_DN120464_c0_g1_i1.p6	KKKEVSPMG	0.69	0.527478	0.586667	0.601381667	0.69
TRINITY_DN143273_c2_g1_i1.p6	LVEAMGVEPMSEKSSV	0.69	0.286556	0.383333	0.453296333	0.69
TRINITY_DN144751_c7_g1_i7.p7	MATANGSRG	0.69	0.241327	0.365	0.432109	0.69
TRINITY_DN146136_c1_g1_i1.p7	MATANGSRG	0.69	0.241327	0.365	0.432109	0.69
TRINITY_DN143926_c4_g2_i1.p6	PAVRPVGGKTVYTGN	0.69	0.084686	0.380833	0.385173	0.69
TRINITY_DN145586_c1_g1_i1.p2	GEHYLNSKKEFYQCTK	0.69	0.114453	0.309167	0.371206667	0.69
TRINITY_DN141429_c0_g1_i4.p1	GECVTEITMKFLRMRAEAECGACSGKMDLAKKAKALNLDAIHDTVHEMAKDEARHGRGFEGLLKRYFNTEV	0.69	-1	-1	-0.436666667	0.69
TRINITY_DN145422_c2_g1_i12.p2	SFFGLYRTFHRRFSFETVKNDQQGNEFLSTLE	0.69	-1	-1	-0.436666667	0.69
TRINITY_DN142694_c6_g2_i1.p8	MHEYD	0.52	0.689478	0.3475	0.518992667	0.689478
TRINITY_DN145165_c2_g1_i3.p5	AVILFAGFCSSVSEKA	0.52	0.656973	0.689167	0.622046667	0.689167
TRINITY_DN145797_c2_g1_i3.p8	MGDYAA	0.42	0.685725	0.388333	0.498019333	0.685725
TRINITY_DN144448_c2_g1_i3.p10	MLVVS	0.32	0.685301	0.611667	0.538989333	0.685301
TRINITY_DN143683_c0_g2_i1.p14	MLKTGS	0.4	0.680005	0.575833	0.551946	0.680005
TRINITY_DN142782_c2_g5_i1.p6	KINANDNYALAA	0.68	0.492331	0.439167	0.537166	0.68
TRINITY_DN145422_c2_g1_i16.p11	MKRPVQPEK	0.68	0.501067	0.373333	0.518133333	0.68
TRINITY_DN143072_c7_g3_i2.p4	SATERNRRESGKDGKAR	0.68	0.482186	0.383333	0.515173	0.68
TRINITY_DN145300_c5_g1_i3.p9	MKRPVQNEK	0.68	0.447755	0.32	0.482585	0.68
TRINITY_DN142174_c7_g1_i1.p1	RNQRSTAEAQTRANPADMKQKGAKTDG	0.68	0.164934	0.299167	0.381367	0.68
TRINITY_DN133130_c0_g2_i1.p9	TVRHPSVYVADVKAR	0.68	0.080404	0.265	0.341801333	0.68
TRINITY_DN141973_c7_g1_i9.p2	EIRTLLVAMRLGETPVLIPNTMVKT	0.68	0.00053	0.24	0.306843333	0.68
TRINITY_DN141129_c2_g1_i1.p1	SFRFNLSDGTSYDLIYACYGVKNGELKSAAGGFKYFTSADIGSYWNNLNTELEAIPINESELP	0.68	-1	-1	-0.44	0.68
TRINITY_DN145049_c1_g1_i5.p6	DASEMHLYSKCGMAV	0.19	0.679831	0.345833	0.405221333	0.679831
TRINITY_DN140335_c3_g1_i1.p5	MPFPFF	0.48	0.675755	0.558333	0.571362667	0.675755
TRINITY_DN142739_c1_g1_i1.p6	MDIEQKMK	0.67	0.588133	0.341667	0.533266667	0.67
TRINITY_DN610131_c0_g2_i2.p9	MDIEQKMK	0.67	0.588133	0.341667	0.533266667	0.67
TRINITY_DN612741_c0_g1_i1.p9	FAKGQTA	0.67	0.379644	0.464167	0.504603667	0.67
TRINITY_DN144056_c2_g3_i3.p1	GGSVGGEMVKRMVEQYESGLK	0.67	0.455241	0.371667	0.498969333	0.67
TRINITY_DN144616_c7_g3_i13.p6	MNRVRTGM	0.67	0.406621	0.38	0.485540333	0.67
TRINITY_DN144616_c7_g3_i2.p6	MNRVRTGM	0.67	0.406621	0.38	0.485540333	0.67
TRINITY_DN145578_c17_g4_i1.p12	MKIDVQY	0.67	0.251018	0.244167	0.388395	0.67
TRINITY_DN143846_c3_g1_i1.p2	TYKEPDDKPGYVMNDHLSNSAVASSF	0.67	0.131705	0.2125	0.338068333	0.67
TRINITY_DN127733_c0_g2_i2.p2	DWDKCATRHVYNYKQCLICGEVSIYEVETIEMSHKWVNGACVYCNKGYAKEIN	0.67	-1	-1	-0.443333333	0.67
TRINITY_DN136312_c3_g1_i18.p3	LGCAMTLPMQQGTVCNVGGHALPALRRGGELFAIP	0.67	-1	-1	-0.443333333	0.67
TRINITY_DN141081_c6_g5_i5.p2	GNGVDGSHVRVGICYMSGSGIAIHGLLCSRHFSSSIQNLVPSARGKRLFTGAGELL	0.67	-1	-1	-0.443333333	0.67
TRINITY_DN144474_c1_g1_i1.p8	MLKTGSVLVF	0.51	0.558322	0.668333	0.578885	0.668333
TRINITY_DN144187_c0_g1_i10.p9	DYEKQKK	0.58	0.666267	0.396667	0.547644667	0.666267
TRINITY_DN145548_c0_g2_i1.p9	MNASD	0.35	0.665812	0.410833	0.475548333	0.665812
TRINITY_DN145287_c5_g1_i1.p10	RGKGEKVG	0.32	0.460361	0.665	0.481787	0.665
TRINITY_DN145567_c1_g1_i9.p5	RGKGEKVG	0.32	0.460361	0.665	0.481787	0.665
TRINITY_DN144878_c1_g1_i1.p9	KKKGAKTEG	0.58	0.657955	0.663333	0.633762667	0.663333
TRINITY_DN30312_c0_g1_i2.p8	SLSLPDF	0.58	0.661028	0.420833	0.553953667	0.661028
TRINITY_DN145547_c13_g2_i7.p12	MEGMSKE	0.66	0.569408	0.455833	0.561747	0.66
TRINITY_DN143140_c4_g1_i1.p4	CLYKKENLSADKFSFLYKQDDKPGYVIG	0.66	0.188304	0.360833	0.403045667	0.66
TRINITY_DN145564_c4_g2_i1.p10	MVTANGSRG	0.66	0.12877	0.323333	0.370701	0.66
TRINITY_DN138674_c4_g1_i1.p5	KEKQRAKQKQTTGFAETVNGLTIQ	0.66	0.123674	0.310833	0.364835667	0.66
TRINITY_DN1090249_c1_g1_i1.p3	FEFLPDTRMILK	0.66	0.151833	0.236667	0.3495	0.66
TRINITY_DN143119_c4_g2_i2.p7	ERPGFIGQDAG	0.66	0.071642	0.145833	0.292491667	0.66
TRINITY_DN145522_c2_g1_i1.p1	AENEMDRKPGSVLNYDLSRPAIADRFVP	0.66	0.021118	0.1625	0.281206	0.66
TRINITY_DN142271_c2_g1_i8.p5	YFGYGKHPGQLLPFALPAKWGMQCTRPAGGKMLPQQSAGQIQKGWLACLPMET	0.66	-1	-1	-0.446666667	0.66
TRINITY_DN145141_c0_g1_i13.p2	NQRSTSEAQERATPADLKQKGARPMVDMDPAQFGQAVGIR	0.66	-1	-1	-0.446666667	0.66
TRINITY_DN143590_c3_g1_i4.p11	MGEKVG	0.38	0.659135	0.5525	0.530545	0.659135
TRINITY_DN144025_c2_g1_i1.p16	SKGNPK	0.41	0.492835	0.658333	0.520389333	0.658333
TRINITY_DN141456_c1_g2_i1.p7	MTGGKA	0.57	0.6538	0.6275	0.6171	0.6538
TRINITY_DN143876_c11_g4_i1.p9	MTGGKA	0.57	0.6538	0.6275	0.6171	0.6538
TRINITY_DN144009_c5_g1_i1.p10	MRIGKKEEKAG	0.33	0.650885	0.4675	0.482795	0.650885
TRINITY_DN144624_c4_g1_i1.p5	MIKIGRA	0.65	0.609457	0.575833	0.611763333	0.65
TRINITY_DN143595_c3_g1_i5.p9	QKNKQDTK	0.65	0.426447	0.370833	0.482426667	0.65
TRINITY_DN145291_c1_g1_i22.p5	TPLGYVNT	0.65	0.28428	0.411667	0.448649	0.65
TRINITY_DN145190_c3_g1_i9.p5	VIYLSRMSPYKL	0.65	0.073548	0.456667	0.393405	0.65
TRINITY_DN133913_c1_g1_i2.p4	YINEGDMISYSDHIPF	0.65	0.224727	0.249167	0.374631333	0.65
TRINITY_DN145304_c3_g1_i2.p5	LHRFKGEASMKRPVQTEK	0.65	0.11915	0.27	0.346383333	0.65
TRINITY_DN135543_c0_g2_i1.p1	KGDTRKDGFQKGSIQPDEIQWEKSERIAFKGNAEQEKIREGKVPEGRKFQKGNVSA	0.65	-1	-1	-0.45	0.65
TRINITY_DN144933_c6_g1_i2.p2	LYVQEESPGNTEHPTSKQKAACKGRVKQKKLSASPHRKGKGEKVG	0.65	-1	-1	-0.45	0.65
TRINITY_DN140720_c2_g2_i2.p7	MGAAKTAPFIICT	0.49	0.649031	0.584167	0.574399333	0.649031
TRINITY_DN142910_c1_g1_i1.p8	MLLVGLGLLTT	0.51	0.384133	0.648333	0.514155333	0.648333
TRINITY_DN145435_c1_g1_i3.p6	MKINCTFD	0.64	0.648215	0.421667	0.569960667	0.648215
TRINITY_DN145055_c3_g1_i3.p7	MDLKA	0.47	0.646422	0.47	0.528807333	0.646422
TRINITY_DN136597_c9_g2_i1.p8	EIPVLH	0.22	0.645352	0.560833	0.475395	0.645352
TRINITY_DN143775_c12_g5_i4.p7	MANLKLNANNKLAYAA	0.14	0.644902	0.586667	0.457189667	0.644902
TRINITY_DN143487_c2_g1_i3.p7	MKRPVQSEK	0.64	0.495738	0.378333	0.504690333	0.64
TRINITY_DN145457_c2_g1_i4.p3	KTKGITKNKKVKE	0.5	0.269094	0.64	0.469698	0.64
TRINITY_DN144001_c5_g1_i7.p10	MKRPVQTEK	0.64	0.331208	0.311667	0.427625	0.64
TRINITY_DN144518_c0_g1_i3.p10	MKRPVQTEK	0.64	0.331208	0.311667	0.427625	0.64
TRINITY_DN144559_c1_g1_i11.p8	MKRPVQTEK	0.64	0.331208	0.311667	0.427625	0.64
TRINITY_DN144559_c1_g1_i12.p9	MKRPVQTEK	0.64	0.331208	0.311667	0.427625	0.64
TRINITY_DN144690_c1_g2_i9.p10	MKRPVQTEK	0.64	0.331208	0.311667	0.427625	0.64
TRINITY_DN144897_c3_g1_i5.p10	MKRPVQTEK	0.64	0.331208	0.311667	0.427625	0.64
TRINITY_DN145391_c5_g1_i4.p4	MKRPVQTEK	0.64	0.331208	0.311667	0.427625	0.64
TRINITY_DN145391_c5_g1_i8.p6	MKRPVQTEK	0.64	0.331208	0.311667	0.427625	0.64
TRINITY_DN145401_c1_g1_i2.p7	MKRPVQTEK	0.64	0.331208	0.311667	0.427625	0.64
TRINITY_DN145595_c1_g1_i27.p4	MKRPVQTEK	0.64	0.331208	0.311667	0.427625	0.64
TRINITY_DN383657_c1_g2_i1.p7	MKRPVQTEK	0.64	0.331208	0.311667	0.427625	0.64
TRINITY_DN145700_c5_g7_i1.p7	GHQPHGDMSGCTS	0.64	0.199654	0.26	0.366551333	0.64
TRINITY_DN145575_c0_g1_i3.p4	MKRPVQTEN	0.64	0.191183	0.205833	0.345672	0.64
TRINITY_DN870186_c0_g1_i2.p4	AEGDLRESATENKPPQQCGKDETAR	0.64	0.090587	0.224167	0.318251333	0.64
TRINITY_DN141348_c2_g1_i2.p1	VGVDDGEVPPVSIPNTEVKHHRGEDSTLCENSSLPVYV	0.64	-1	-1	-0.453333333	0.64
TRINITY_DN144044_c6_g1_i2.p2	QKNRETKRKEIVDHQFRKQNLRKGGTDHQKDNIVSFIKDVIYK	0.64	-1	-1	-0.453333333	0.64
TRINITY_DN144044_c6_g1_i4.p1	QKNRETKRKEIVDHQFRKQNLRKGGTDRQKDNIVSFIKDVIYK	0.64	-1	-1	-0.453333333	0.64
TRINITY_DN383880_c0_g1_i1.p3	NQRSTAEAQMRANPADFKQKGARPMVDMEPAQFGQTVGIR	0.64	-1	-1	-0.453333333	0.64
TRINITY_DN145752_c9_g3_i1.p7	MAAVSLKSPAA	0.49	0.639281	0.543333	0.557538	0.639281
TRINITY_DN145418_c1_g1_i2.p5	EGIGA	0.45	0.631473	0.541667	0.541046667	0.631473
TRINITY_DN142324_c2_g1_i4.p9	MGKQVAAGL	0.63	0.595566	0.51	0.578522	0.63
TRINITY_DN612476_c4_g1_i1.p4	TEMNRQALPGKGGRAV	0.63	0.175914	0.218333	0.341415667	0.63
TRINITY_DN122949_c0_g1_i1.p2	YTLDAVLVPMIHGLY	0.63	0.046692	0.3125	0.329730667	0.63
TRINITY_DN141022_c2_g2_i1.p1	GKGAVCIYRWSCSFRQCARGAKNSFASPDAQSGKGGCFMTFEQVVLLLTLLGGAIYATFEITWKISNGKKK	0.63	-1	-1	-0.456666667	0.63
TRINITY_DN144728_c2_g1_i2.p9	QDAG	0.63	-1	-1	-0.456666667	0.63
TRINITY_DN140597_c1_g8_i2.p5	MASLIGSKAKQKAFEGCSPEAFG	0.49	0.625785	0.453333	0.523039333	0.625785
TRINITY_DN143899_c4_g1_i2.p9	MEGKGGKAV	0.31	0.62524	0.620833	0.518691	0.62524
TRINITY_DN138922_c0_g2_i6.p18	MDGYTK	0.43	0.623669	0.366667	0.473445333	0.623669
TRINITY_DN143910_c0_g2_i1.p10	GNSPLK	0.36	0.60356	0.6225	0.528686667	0.6225
TRINITY_DN145228_c1_g1_i7.p6	MIAPFVGA	0.59	0.622226	0.495	0.569075333	0.622226
TRINITY_DN144825_c5_g1_i5.p7	VLECGILPFII	0.44	0.542094	0.621667	0.534587	0.621667
TRINITY_DN133076_c0_g4_i1.p5	MRTGQDDSVGQEGQGHFRMKYHIGVV	0.03	0.620954	0.233333	0.294762333	0.620954
TRINITY_DN135554_c0_g1_i3.p9	YTYIL	0.26	0.620266	0.5575	0.479255333	0.620266
TRINITY_DN145652_c3_g1_i1.p9	MMVKNPG	0.62	0.562913	0.498333	0.560415333	0.62
TRINITY_DN143050_c3_g1_i3.p8	MICPTYFKN	0.62	0.613653	0.403333	0.545662	0.62
TRINITY_DN145261_c61_g1_i4.p3	MLKTGSVFVFLYGGNIPFVVSL	0.62	0.380806	0.518333	0.506379667	0.62
TRINITY_DN142591_c7_g1_i1.p7	MAARQLSGRLL	0.62	0.336048	0.4125	0.456182667	0.62
TRINITY_DN143840_c6_g1_i2.p8	MTGLDSG	0.62	0.298582	0.394167	0.437583	0.62
TRINITY_DN145091_c0_g1_i5.p4	HEFLPVRKA	0.62	0.238275	0.434167	0.430814	0.62
TRINITY_DN145444_c0_g1_i1.p10	GKKEFYNCTK	0.62	0.161475	0.51	0.430491667	0.62
TRINITY_DN145589_c0_g1_i5.p8	MGSTPIASTN	0.62	0.239254	0.3975	0.418918	0.62
TRINITY_DN6818_c3_g1_i1.p7	MGSTPIASTN	0.62	0.239254	0.3975	0.418918	0.62
TRINITY_DN145064_c0_g1_i3.p8	GAVDMDLTAGWNGT	0.62	0.239478	0.348333	0.402603667	0.62
TRINITY_DN145121_c0_g1_i2.p5	TTKENGRKKTEREDGPPRT	0.62	0.009399	0.341667	0.323688667	0.62
TRINITY_DN141619_c2_g1_i5.p1	WGRKGFDGGSEAWAAGSSGGTALNSSKKLTDNNNYQLLAA	0.62	-1	-1	-0.46	0.62
TRINITY_DN145014_c1_g1_i1.p2	LFRSELQEERSFTERLTDGIGRMLDFLEEHLPERLRPLLEKARELLPDPEIGQQQEQQQHQRGMGGMEL	0.62	-1	-1	-0.46	0.62
TRINITY_DN137054_c3_g1_i1.p6	AAFSFVVPKMPAPVF	0.58	0.464923	0.618333	0.554418667	0.618333
TRINITY_DN140607_c1_g4_i2.p8	MALAA	0.36	0.49172	0.618333	0.490017667	0.618333
TRINITY_DN144632_c9_g1_i1.p8	TGTICLRPRIKEKRL	0.55	0.617917	0.5775	0.581805667	0.617917
TRINITY_DN144632_c9_g3_i1.p9	TGTICLRPRIKEKRL	0.55	0.617917	0.5775	0.581805667	0.617917
TRINITY_DN141121_c3_g2_i8.p5	MGYLI	0.42	0.614242	0.526667	0.520303	0.614242
TRINITY_DN102902_c0_g1_i1.p4	MKKKFYKNNVGFIIF	0.14	0.610499	0.614167	0.454888667	0.614167
TRINITY_DN144973_c0_g1_i1.p6	SDLKAVGL	0.21	0.59998	0.613333	0.474437667	0.613333
TRINITY_DN92149_c2_g3_i1.p6	MECGTEILKMNF	0.28	0.613176	0.388333	0.427169667	0.613176
TRINITY_DN615414_c0_g1_i1.p9	MIKIGR	0.53	0.612397	0.590833	0.577743333	0.612397
TRINITY_DN129538_c3_g1_i1.p10	MIEMMNKLKVT	0.36	0.610201	0.48	0.483400333	0.610201
TRINITY_DN145429_c4_g2_i3.p4	SATEIYRRLLAGKGGKAV	0.61	0.592472	0.5175	0.573324	0.61
TRINITY_DN145429_c4_g2_i4.p5	SATEIYRRLLAGKGGKAV	0.61	0.592472	0.5175	0.573324	0.61
TRINITY_DN851511_c0_g1_i1.p12	MLLAMGQ	0.61	0.534578	0.423333	0.522637	0.61
TRINITY_DN145429_c4_g2_i2.p5	SATEIYRRLYAGKGGKAV	0.61	0.475976	0.4675	0.517825333	0.61
TRINITY_DN138543_c2_g6_i2.p5	ALPISDLMS	0.61	0.449464	0.385833	0.481765667	0.61
TRINITY_DN142320_c1_g1_i1.p9	IIGGGDEN	0.61	0.331415	0.435	0.458805	0.61
TRINITY_DN127478_c1_g1_i1.p9	MVEIQNQQ	0.61	0.411136	0.310833	0.443989667	0.61
TRINITY_DN144119_c3_g1_i2.p6	ALTHQESGVDYVRNLAG	0.61	0.052667	0.1525	0.271722333	0.61
TRINITY_DN136903_c2_g1_i6.p1	KKNDKPMKKVFVLFTVVMLMAVMAWEKQSGKPVESEFLLDNVEALAAGESGYDTCLGSGNVTCSTGEKVECVIRPFGLD	0.61	-1	-1	-0.463333333	0.61
TRINITY_DN144518_c0_g1_i8.p3	ALQQLRKGSFQCTKKFIPQPIVLHRFKGESSMKRPVQTDK	0.61	-1	-1	-0.463333333	0.61
TRINITY_DN143515_c2_g1_i1.p7	MKAVMAHERFNKTGFIW	0.03	0.608149	0.429167	0.355772	0.608149
TRINITY_DN143640_c3_g2_i3.p8	MTPFIT	0.46	0.604126	0.469167	0.511097667	0.604126
TRINITY_DN139716_c4_g2_i2.p7	ANAAIPCGLAVRKQHKMLFAASKFEGE	0.53	0.603698	0.406667	0.513455	0.603698
TRINITY_DN138543_c2_g6_i1.p4	IAKAAATEQVNLAA	0.6	0.44041	0.4375	0.492636667	0.6
TRINITY_DN144731_c2_g1_i1.p7	MTATSLMENG	0.6	0.309045	0.375833	0.428292667	0.6
TRINITY_DN129534_c0_g1_i1.p4	MRVENRIVFLNLF	0.6	0.13075	0.385833	0.372194333	0.6
TRINITY_DN272079_c0_g1_i1.p3	GHTPSHSEQDSETPYRR	0.6	0.102988	0.210833	0.304607	0.6
TRINITY_DN144267_c6_g1_i1.p4	GDAFLGNTRSHPEHDG	0.6	0.009054	0.150833	0.253295667	0.6
TRINITY_DN144460_c0_g1_i1.p7	MKKAFVRIIVFE	0.43	0.571781	0.598333	0.533371333	0.598333
TRINITY_DN140823_c6_g1_i4.p9	MAKLKLNANDNLAYAA	0.1	0.596613	0.49	0.395537667	0.596613
TRINITY_DN145098_c7_g1_i1.p10	MLIFA	0.3	0.595487	0.589167	0.494884667	0.595487
TRINITY_DN145506_c2_g2_i9.p9	MGDYVAL	0.47	0.595316	0.38	0.481772	0.595316
TRINITY_DN145673_c1_g1_i3.p9	MGDYVAL	0.47	0.595316	0.38	0.481772	0.595316
TRINITY_DN145075_c9_g1_i1.p5	PVGKSAANL	0.53	0.56379	0.594167	0.562652333	0.594167
TRINITY_DN142299_c3_g1_i1.p4	MTIISLPFKVNVGSK	0.23	0.380837	0.591667	0.400834667	0.591667
TRINITY_DN142196_c2_g1_i1.p6	AVGELL	0.59	0.562489	0.563333	0.571940667	0.59
TRINITY_DN142228_c6_g1_i1.p9	MLTNHFNP	0.59	0.539428	0.390833	0.506753667	0.59
TRINITY_DN142228_c6_g1_i2.p8	MLTNHFNP	0.59	0.539428	0.390833	0.506753667	0.59
TRINITY_DN143018_c49_g12_i1.p9	MKIGTNSEK	0.59	0.310975	0.499167	0.466714	0.59
TRINITY_DN143867_c81_g1_i3.p7	GQDAG	0.59	0.431226	0.370833	0.464019667	0.59
TRINITY_DN143867_c81_g1_i4.p7	GQDAG	0.59	0.431226	0.370833	0.464019667	0.59
TRINITY_DN144738_c1_g2_i2.p9	MMSSLSRQEG	0.59	0.305591	0.275	0.390197	0.59
TRINITY_DN145050_c1_g1_i3.p3	ANPADLKQKGARPMVDMEPALQGQAVGIR	0.59	0.020288	0.263333	0.291207	0.59
TRINITY_DN1311281_c5_g1_i1.p1	SYKAHVAMRRKLGILRAGMLPERDLVEFAVGLHSPVDGALGVALGGVGTLVVELFALAQADFHLDAAMLEVERKGNEGVALQLA	0.59	-1	-1	-0.47	0.59
TRINITY_DN138312_c4_g6_i3.p2	KKEHLKHKTETIMKKYVCTVCGWVYDPAEGDPEGGIAPGTAFEDIPDDWVCPLCGVGKDDFEVQED	0.59	-1	-1	-0.47	0.59
TRINITY_DN140448_c4_g7_i2.p7	TEKIKANTKGKVKQGFYSKRRKPSSNLKDVNPV	0.59	-1	-1	-0.47	0.59
TRINITY_DN140874_c2_g1_i6.p1	RACEKNIGGLTMYYYILGCGIACLVLFGIYSMETVCVKPAEMVGKVLLWPVTLMEAVVRYSSTHHNFKAAL	0.59	-1	-1	-0.47	0.59
TRINITY_DN141725_c1_g2_i1.p9	MKQH	0.59	-1	-1	-0.47	0.59
TRINITY_DN145843_c6_g1_i1.p10	MQKKKTALFFRE	0.39	0.589089	0.371667	0.450252	0.589089
TRINITY_DN144823_c1_g2_i1.p4	MKFIHMNRLPQSNS	0.15	0.58241	0.278333	0.336914333	0.58241
TRINITY_DN136198_c0_g5_i2.p9	TEKAAIARCFYPL	0.58	0.579134	0.375	0.511378	0.58
TRINITY_DN131005_c0_g1_i1.p8	TNKKEIQKSLERR	0.58	0.560523	0.355	0.498507667	0.58
TRINITY_DN142115_c6_g1_i3.p7	MFQKLDWFQ	0.58	0.51555	0.3375	0.477683333	0.58
TRINITY_DN60060_c0_g9_i1.p12	AGNKKQERKK	0.58	0.400393	0.426667	0.46902	0.58
TRINITY_DN144778_c2_g1_i8.p3	YIEKIYSHSSDILEQKFF	0.58	0.25583	0.400833	0.412221	0.58
TRINITY_DN142273_c1_g1_i3.p8	AIAIGGTIPPGQKADF	0.58	0.293161	0.3475	0.406887	0.58
TRINITY_DN142402_c3_g5_i2.p9	LDNEN	0.58	0.244461	0.3625	0.395653667	0.58
TRINITY_DN145401_c1_g1_i1.p3	KGESSMKRPVQTEK	0.58	0.263469	0.246667	0.363378667	0.58
TRINITY_DN144626_c2_g1_i3.p8	MDLPLRE	0.58	0.15238	0.239167	0.323849	0.58
TRINITY_DN144268_c3_g1_i1.p6	GRTGFDGDSAAGIAGRGA	0.58	0.045903	0.2825	0.302801	0.58
TRINITY_DN142405_c1_g1_i4.p9	ESPGFTGQDAG	0.58	0.083233	0.174167	0.279133333	0.58
TRINITY_DN131394_c1_g1_i2.p11	MMEI	0.58	-1	-1	-0.473333333	0.58
TRINITY_DN141429_c0_g1_i3.p1	ILMMRAEAECGACAGKMDLAKKAKALNLDAIHDTVHEMAKDEARHGRGFEGLLKRYFNTEV	0.58	-1	-1	-0.473333333	0.58
TRINITY_DN145645_c0_g1_i14.p9	MLEI	0.58	-1	-1	-0.473333333	0.58
TRINITY_DN145571_c1_g1_i8.p6	MGEYAAL	0.42	0.579176	0.429167	0.476114333	0.579176
TRINITY_DN140499_c1_g2_i2.p7	MLDVLTIKLCLLSKPVTP	0.2	0.577532	0.530833	0.436121667	0.577532
TRINITY_DN145755_c3_g1_i6.p7	MGDYASL	0.43	0.574361	0.379167	0.461176	0.574361
TRINITY_DN143191_c4_g1_i1.p6	MRGHTGLMSSVKLSC	0.11	0.57327	0.499167	0.394145667	0.57327
TRINITY_DN144746_c5_g1_i1.p8	MRGHTGLMSSVKLSC	0.11	0.57327	0.499167	0.394145667	0.57327
TRINITY_DN144887_c2_g1_i4.p13	DEMKT	0.25	0.570234	0.325	0.381744667	0.570234
TRINITY_DN142485_c6_g9_i2.p8	ARLDLLRFV	0.57	0.324789	0.475	0.456596333	0.57
TRINITY_DN144064_c1_g1_i3.p11	MTGSYPAE	0.57	0.41089	0.375	0.451963333	0.57
TRINITY_DN145565_c2_g1_i1.p5	YLRVQAIYNIPAEPRRSSG	0.57	0.44246	0.268333	0.426931	0.57
TRINITY_DN134571_c44_g1_i2.p5	MGSTPIASTNM	0.57	0.33201	0.3725	0.424836667	0.57
TRINITY_DN134571_c44_g1_i3.p7	MGSTPIASTNM	0.57	0.33201	0.3725	0.424836667	0.57
TRINITY_DN145323_c2_g1_i1.p7	MGSTPIASTKV	0.57	0.186952	0.505833	0.420928333	0.57
TRINITY_DN143948_c6_g3_i3.p8	GQLFSGASAEEKGK	0.57	0.141752	0.4475	0.386417333	0.57
TRINITY_DN385865_c1_g1_i1.p3	DLKQKGARPMVDMEPAQQGQAVGIR	0.57	0.071733	0.25	0.297244333	0.57
TRINITY_DN143516_c8_g1_i1.p4	RATPGGGDPRESATERYRTLDV	0.57	0.013171	0.224167	0.269112667	0.57
TRINITY_DN141259_c3_g4_i3.p6	MQQH	0.57	-1	-1	-0.476666667	0.57
TRINITY_DN142450_c8_g1_i3.p8	MQQH	0.57	-1	-1	-0.476666667	0.57
TRINITY_DN143165_c1_g1_i4.p9	MQQH	0.57	-1	-1	-0.476666667	0.57
TRINITY_DN143227_c3_g4_i4.p9	MKKE	0.57	-1	-1	-0.476666667	0.57
TRINITY_DN143227_c3_g4_i5.p5	MKKE	0.57	-1	-1	-0.476666667	0.57
TRINITY_DN144422_c2_g1_i2.p7	HNEN	0.57	-1	-1	-0.476666667	0.57
TRINITY_DN145645_c0_g1_i6.p10	IKVN	0.57	-1	-1	-0.476666667	0.57
TRINITY_DN142286_c3_g3_i3.p5	MKLSTD	0.49	0.568987	0.398333	0.485773333	0.568987
TRINITY_DN143169_c2_g1_i1.p4	MMRGQVNSFPPHGRHVYDAFPG	0.06	0.56551	0.235833	0.287114333	0.56551
TRINITY_DN143169_c2_g1_i6.p4	MMRGQVNSFPPHGRHVYDAFPG	0.06	0.56551	0.235833	0.287114333	0.56551
TRINITY_DN140808_c1_g1_i13.p5	MASLIGSKAKQKAFEDCSSEAFG	0.49	0.56397	0.415833	0.489934333	0.56397
TRINITY_DN140335_c2_g3_i2.p9	MLGSR	0.38	0.563291	0.475	0.472763667	0.563291
TRINITY_DN145367_c3_g1_i1.p12	TNKEKQLK	0.29	0.562604	0.428333	0.426979	0.562604
TRINITY_DN136156_c0_g2_i2.p9	KNKGANEKTK	0.48	0.374313	0.5625	0.472271	0.5625
TRINITY_DN145190_c4_g1_i1.p10	MLPGL	0.32	0.561284	0.543333	0.474872333	0.561284
TRINITY_DN145291_c1_g1_i13.p4	RPMNKGR	0.56	0.42864	0.475	0.48788	0.56
TRINITY_DN145857_c2_g1_i5.p4	ENEWNIRRRGGFDRSEESQGLTEHGNC	0.56	0.532435	0.340833	0.477756	0.56
TRINITY_DN145330_c0_g1_i15.p2	SSDLRLKKAVSLEAGFCSSVSEKA	0.56	0.356716	0.431667	0.449461	0.56
TRINITY_DN145420_c0_g1_i4.p3	ENEWNIRRRGGFDRSEESPGLTEHGNC	0.56	0.381259	0.311667	0.417642	0.56
TRINITY_DN145420_c0_g1_i9.p4	ENEWNIRRRGGFDRSEESPGLTEHGNC	0.56	0.381259	0.311667	0.417642	0.56
TRINITY_DN145772_c1_g1_i3.p3	ENEWNIRRRGGFDRSEESPGLTEHGNC	0.56	0.381259	0.311667	0.417642	0.56
TRINITY_DN145841_c0_g1_i8.p4	ENEWNIRRRGGFDRSEESPGHTEHGNC	0.56	0.368074	0.316667	0.414913667	0.56
TRINITY_DN142340_c0_g1_i1.p6	MDYEQETE	0.56	0.480477	0.171667	0.404048	0.56
TRINITY_DN144653_c7_g8_i1.p24	MDYEQETE	0.56	0.480477	0.171667	0.404048	0.56
TRINITY_DN142402_c3_g2_i4.p7	NKTKERNKKQGG	0.56	0.231923	0.3925	0.394807667	0.56
TRINITY_DN145744_c0_g1_i1.p6	TDKIHSQVLAA	0.56	0.110087	0.35	0.340029	0.56
TRINITY_DN137854_c1_g2_i2.p2	DVVLKSAGAAKLQVVKAVKEACGLGLKEAKDMVDGAPSVVKEGLAKDEAESLKKTLEEAGAEVELK	0.56	-1	-1	-0.48	0.56
TRINITY_DN140278_c0_g1_i1.p15	MQVF	0.56	-1	-1	-0.48	0.56
TRINITY_DN140278_c0_g1_i2.p15	MQVF	0.56	-1	-1	-0.48	0.56
TRINITY_DN145021_c4_g1_i1.p10	MQVF	0.56	-1	-1	-0.48	0.56
TRINITY_DN618795_c1_g1_i1.p1	HRKKTAGDKEQTTPREADLPRRNVIRNLQRKQDTGGIS	0.56	-1	-1	-0.48	0.56
TRINITY_DN145389_c1_g1_i12.p8	MKKAFVRSIVFE	0.41	0.54422	0.5575	0.503906667	0.5575
TRINITY_DN145458_c4_g1_i1.p8	MKKAFVRSIVFE	0.41	0.54422	0.5575	0.503906667	0.5575
TRINITY_DN151468_c5_g1_i1.p8	MKKAFVRSIVFE	0.41	0.54422	0.5575	0.503906667	0.5575
TRINITY_DN139562_c3_g1_i1.p6	AGWTAARMGRKAHL	0.42	0.42234	0.553333	0.465224333	0.553333
TRINITY_DN145373_c0_g1_i1.p4	AGGGNSNDSATELYVQFCGKGGMAV	0.14	0.552468	0.27	0.320822667	0.552468
TRINITY_DN85531_c0_g1_i1.p5	LVEEQS	0.39	0.551474	0.376667	0.439380333	0.551474
TRINITY_DN145588_c7_g1_i3.p3	MALALPLHVKSGKDKHVESL	0.15	0.5508	0.5475	0.4161	0.5508
TRINITY_DN140268_c4_g1_i1.p8	MEKQHS	0.55	0.506333	0.410833	0.489055333	0.55
TRINITY_DN145347_c5_g1_i1.p5	MIKIGRAYD	0.55	0.439244	0.339167	0.442803667	0.55
TRINITY_DN140607_c1_g1_i1.p8	PHFFWGATGFDMVRLK	0.55	0.335192	0.369167	0.418119667	0.55
TRINITY_DN142655_c6_g9_i2.p10	MYERIYKVQKKF	0.55	0.348693	0.351667	0.416786667	0.55
TRINITY_DN145391_c5_g1_i6.p8	MKRPEQTEK	0.55	0.330224	0.255833	0.378685667	0.55
TRINITY_DN145391_c5_g1_i9.p5	MKRPEQTEK	0.55	0.330224	0.255833	0.378685667	0.55
TRINITY_DN145467_c1_g1_i7.p6	RPVQTEK	0.55	0.158906	0.265833	0.324913	0.55
TRINITY_DN141391_c4_g1_i17.p5	SGVDALVGNTRSHPEHDG	0.55	0.012716	0.1875	0.250072	0.55
TRINITY_DN140714_c1_g2_i12.p3	WYNDQVEECTVYVSLSEVSTYSPPSEGFGSRFVSALSAGWQNFVGGLQQVIVALAGAWPVVVIAAAACAGFVVWKKKKK	0.55	-1	-1	-0.483333333	0.55
TRINITY_DN144184_c4_g1_i9.p3	NGSPEFSGGLQTSPPWVDQGGSMRKRESGDSAPTCP	0.55	-1	-1	-0.483333333	0.55
TRINITY_DN145750_c5_g1_i1.p4	MALVLPLHEKSGKDKHVESL	0.2	0.547559	0.46	0.402519667	0.547559
TRINITY_DN136668_c3_g2_i2.p10	MPALYCFVIM	0.5	0.545524	0.445833	0.497119	0.545524
TRINITY_DN145462_c0_g1_i7.p7	MGDYAAL	0.43	0.54454	0.3825	0.452346667	0.54454
TRINITY_DN145462_c0_g1_i9.p9	MGDYAAL	0.43	0.54454	0.3825	0.452346667	0.54454
TRINITY_DN145708_c0_g1_i3.p7	MGDYAAL	0.43	0.54454	0.3825	0.452346667	0.54454
TRINITY_DN143335_c2_g2_i1.p7	MIAGGRPKGAV	0.54	0.406744	0.478333	0.475025667	0.54
TRINITY_DN142344_c4_g1_i1.p7	MGSTPIAST	0.54	0.260765	0.424167	0.408310667	0.54
TRINITY_DN144440_c1_g1_i2.p8	MGSTPIAST	0.54	0.260765	0.424167	0.408310667	0.54
TRINITY_DN140952_c1_g1_i1.p3	ETREVQQKLKRELTPLT	0.54	0.337691	0.345	0.407563667	0.54
TRINITY_DN145055_c4_g2_i2.p9	MISLVRTILL	0.54	0.055489	0.459167	0.351552	0.54
TRINITY_DN143072_c7_g3_i1.p8	ESPGFTETE	0.54	0.110863	0.328333	0.326398667	0.54
TRINITY_DN142324_c2_g1_i3.p2	EFKTCALPIFLVAMRLGETPVHIPNTMVKT	0.54	0.031679	0.373333	0.315004	0.54
TRINITY_DN144751_c7_g1_i5.p6	SFAGQDAR	0.54	0.11517	0.264167	0.306445667	0.54
TRINITY_DN135774_c6_g7_i1.p4	MANMLNSTMMYLLITLFYIGGA	0.54	0.001045	0.370833	0.303959333	0.54
TRINITY_DN144483_c7_g1_i1.p5	MIIISQMLAGHNPAYSAAHIY	0.54	0.011776	0.294167	0.281981	0.54
TRINITY_DN138920_c2_g1_i4.p1	RFNDKLSRSNEEANSLSKEDVIEIEGIVREAMPNAIFKVEMLSEDKNTGKLTPSGHILLAHISGKLRTNFIRILPGDKVTVEMSPYDLSKGRITWRSK	0.54	-1	-1	-0.486666667	0.54
TRINITY_DN143715_c2_g2_i3.p1	KKYGWNFKEASSLKQVAKSQLPMLFIHGDKDTYVPTWMVYSLYEAKPGPKELWIVPGAAHAVSYKENKQEYTDRVRAFVGRYIH	0.54	-1	-1	-0.486666667	0.54
TRINITY_DN143797_c0_g1_i4.p1	VGSHIENIRMDERAQEKLHKESLKGIIDSITIKKREANGLHQVHNPILNAEKMLFDDRETRWNGKVVEGCQQKKLYAGTKSEELERYRETEV	0.54	-1	-1	-0.486666667	0.54
TRINITY_DN131424_c0_g1_i4.p5	PLTMGK	0.44	0.536657	0.53	0.502219	0.536657
TRINITY_DN137133_c9_g1_i1.p11	MGLTPFLLSTSA	0.53	0.360469	0.500833	0.463767333	0.53
TRINITY_DN145821_c4_g1_i2.p5	ETREEQQKLKRELVPLT	0.53	0.321061	0.3475	0.399520333	0.53
TRINITY_DN143402_c2_g1_i6.p8	EESPGFAGQAAG	0.53	0.170295	0.278333	0.326209333	0.53
TRINITY_DN383713_c2_g1_i1.p8	MGSTPIASTND	0.53	0.124714	0.285	0.313238	0.53
TRINITY_DN144904_c4_g1_i4.p3	TAATYSPTVTQYHQRDEA	0.53	0.214671	0.151667	0.298779333	0.53
TRINITY_DN145601_c1_g1_i10.p9	MIRPVQTEK	0.53	0.121805	0.235	0.295601667	0.53
TRINITY_DN137072_c1_g1_i18.p3	ARLKVAADITSEDAIAAAKADPAVAEALSGKTVVKEIYVKGRLVNLAVKG	0.53	-1	-1	-0.49	0.53
TRINITY_DN142671_c2_g1_i1.p9	MEQP	0.53	-1	-1	-0.49	0.53
TRINITY_DN143948_c6_g3_i1.p2	EKSKPEPDIYLKACEAVGVLPENAMGIEDSFNGIRAVAAAGMTAVMVPDMVQPDEEIRQIYDYCVQDLLEVKELIELNGI	0.53	-1	-1	-0.49	0.53
TRINITY_DN143949_c4_g1_i1.p7	MEQP	0.53	-1	-1	-0.49	0.53
TRINITY_DN32023_c2_g1_i2.p1	NFLRAGQYNIKKSNKEMMRLPGKAKQYVDQSMTSVQSAVSSLQQALGNAEKAENKAVIQQAITSLNGACGTLSKYKD	0.53	-1	-1	-0.49	0.53
TRINITY_DN145786_c1_g1_i4.p7	MGENEAL	0.49	0.529461	0.4	0.473153667	0.529461
TRINITY_DN145036_c19_g2_i1.p4	MALVLFLHENLGKDKHVESL	0.16	0.527392	0.458333	0.381908333	0.527392
TRINITY_DN145036_c19_g2_i2.p4	MALVLFLHENLGKDKHVESL	0.16	0.527392	0.458333	0.381908333	0.527392
TRINITY_DN138543_c2_g2_i2.p5	MVNIVSACGFPARNAAGIDG	0.28	0.526	0.266667	0.357555667	0.526
TRINITY_DN145290_c2_g1_i6.p6	MGDNAAL	0.52	0.51475	0.448333	0.494361	0.52
TRINITY_DN145694_c4_g1_i4.p7	EKQSAYKPSSVP	0.52	0.369961	0.405833	0.431931333	0.52
TRINITY_DN139686_c3_g9_i1.p3	IIIIHDALPDLNHVPEMPFPSH	0.52	0.148901	0.361667	0.343522667	0.52
TRINITY_DN143036_c3_g1_i1.p7	KTEAHHKRDVSPV	0.52	0.069469	0.305833	0.298434	0.52
TRINITY_DN1325184_c0_g1_i1.p5	DLTYYEQHDKPSSVVE	0.52	0.050487	0.169167	0.246551333	0.52
TRINITY_DN134643_c0_g1_i1.p1	RRKKIIYKISITMNELLKNLGVIVLLIGVIILAVPAINGGLSNTILLTGLGVIILGYIGHIVINKRLG	0.52	-1	-1	-0.493333333	0.52
TRINITY_DN140586_c3_g1_i1.p1	DLEKSTVLNNILNTMDFYDISSNGLYLFLSSICFLSFLNDVKFTFLVVYPPYSLLESFQFKLSSALDFTSFFRF	0.52	-1	-1	-0.493333333	0.52
TRINITY_DN140995_c5_g1_i1.p7	ALPI	0.52	-1	-1	-0.493333333	0.52
TRINITY_DN147279_c1_g1_i1.p9	MKQP	0.52	-1	-1	-0.493333333	0.52
TRINITY_DN144708_c3_g1_i8.p12	KKQSVY	0.37	0.340048	0.515	0.408349333	0.515
TRINITY_DN145429_c4_g2_i1.p7	TEIYRRLYAGKGGKAV	0.51	0.455728	0.476667	0.480798333	0.51
TRINITY_DN145605_c0_g1_i8.p7	KETAAAML	0.51	0.32588	0.455833	0.430571	0.51
TRINITY_DN614298_c0_g1_i1.p5	GDHAAL	0.3	0.340608	0.51	0.383536	0.51
TRINITY_DN136922_c1_g3_i3.p6	MNTQGQGRFK	0.51	0.249413	0.329167	0.36286	0.51
TRINITY_DN137788_c1_g2_i1.p6	RAPQGENNG	0.51	0.257028	0.234167	0.333731667	0.51
TRINITY_DN140481_c3_g1_i1.p7	AGACTGFDRDLEDGEAIRRLMR	0.51	0.024901	0.281667	0.272189333	0.51
TRINITY_DN141391_c4_g1_i4.p5	GNTRSHPEHDG	0.51	0.051272	0.24	0.267090667	0.51
TRINITY_DN136269_c9_g1_i4.p3	MAYTVSSANQLVYLGSVWADPLE	0.51	0.007612	0.156667	0.224759667	0.51
TRINITY_DN124999_c1_g1_i1.p2	NKTTERKSRRTVQWEGKWIVKGKKNRRLYSEASNYSSIGLPDDEKVW	0.51	-1	-1	-0.496666667	0.51
TRINITY_DN139162_c6_g4_i3.p11	MKED	0.51	-1	-1	-0.496666667	0.51
TRINITY_DN141869_c2_g1_i3.p2	GIVVLIAGHTSFAGVCMADPTAWIAALIPLIPYYFHVMKKYKNKSQVQAVED	0.51	-1	-1	-0.496666667	0.51
TRINITY_DN142544_c1_g1_i1.p2	AARRLGVPFSECLVIEDSVTAIALAKRNGAGRIVGVGETADGSELLALGADHYIHDFTEFDYGWLEN	0.51	-1	-1	-0.496666667	0.51
TRINITY_DN142922_c7_g5_i2.p1	AKKMKKLVLMAVAIVAVSFASCGNKAADAAKATADSIRIADSIAAVEAAALEAEQAAAAAADSLNADSTATETVAE	0.51	-1	-1	-0.496666667	0.51
TRINITY_DN145216_c2_g1_i2.p8	MSLKSSCSEAFDKVAQ	0.07	0.508006	0.341667	0.306557667	0.508006
TRINITY_DN145429_c4_g2_i5.p5	ENGPHPQSAFFSKGVSKK	0.25	0.319039	0.505	0.358013	0.505
TRINITY_DN139212_c13_g5_i1.p7	AEEGRD	0.5	0.504454	0.31	0.438151333	0.504454
TRINITY_DN133942_c0_g1_i2.p6	MKDKKQQ	0.44	0.503863	0.3875	0.443787667	0.503863
TRINITY_DN145360_c4_g1_i1.p12	MKPHQ	0.48	0.503536	0.3875	0.457012	0.503536
TRINITY_DN145419_c1_g1_i2.p5	PFGYGKGEMVG	0.43	0.502357	0.441667	0.458008	0.502357
TRINITY_DN141973_c7_g1_i4.p7	MGKQVAARLSI	0.5	0.183226	0.395	0.359408667	0.5
TRINITY_DN142193_c5_g3_i1.p5	MFLLPIQSFTGKVPYKGMML	0.5	0.136165	0.420833	0.352332667	0.5
TRINITY_DN143981_c3_g1_i2.p8	PGFTGQDAG	0.5	0.090078	0.241667	0.277248333	0.5
TRINITY_DN137096_c3_g3_i1.p7	EPFLTTGVYDVSTGQ	0.5	0.096935	0.17	0.255645	0.5
TRINITY_DN136045_c2_g5_i1.p5	MGLATHTGILSSVKSTSAPALASILTQCSSTDAYASRCFGVAF	0.5	-1	-1	-0.5	0.5
TRINITY_DN143457_c1_g1_i1.p2	SYILVEAGGIEPPSENTSTQVSPSAVCLLGFPSHIAGKQAMCYGIL	0.5	-1	-1	-0.5	0.5
TRINITY_DN145252_c3_g1_i1.p1	EERNRAEMHRTYGMWYKEGATASDLVSWCDARIAVYSDWIKNCTELKHSSQAQLLSGMSKEALEAALAALNAQ	0.5	-1	-1	-0.5	0.5
